키워드를 추가 할 광고그룹ID 와 신규 키워드를 입력하세요.,,,,
광고그룹ID는 '광고다운로드' 파일에서 확인할 수 있습니다. 입찰가는 쉼표나 '원' 표시를 제외한 숫자만 입력해 주세요.,,,,
입력은 최대 만(10000)개까지 가능합니다. (광고그룹 당 키워드는 1000개까지 등록가능합니다),,,,
그룹의 웹사이트URL이 1개인 경우라도 PC/모바일 URL에 동일하게 2번 입력해주시고 PC/모바일 웹사이트를 별도로 가지고 있는 경우에만 URL을 PC /모바일 구분해서 입력하세요. URL은 http:// 등으로 시작하는 형식이어야 합니다.,,,,
[중요] 7행부터 입력값이 시스템에 반영됩니다. 1~6행을 삭제하지 마세요. 엑셀에서 저장시 CSV 파일형식을 꼭 확인하시기 바랍니다.,,,,
광고그룹ID(필수),키워드(필수),PC URL(선택),모바일 URL(선택),"키워드입찰가(선택,숫자만)"
grp-a001-01-000000072061472,방수공사,,,2500
grp-a001-01-000000072061472,방수업체,,,2100
grp-a001-01-000000072061472,건물방수업체,,,2500
grp-a001-01-000000072061472,시트방수,,,1200
grp-a001-01-000000072061472,옥상시트방수,,,2000
grp-a001-01-000000072061472,외벽발수,,,1200
grp-a001-01-000000072061472,외벽발수작업,,,1200
grp-a001-01-000000072061472,발수제시공,,,1200
grp-a001-01-000000072061472,지하방수공사,,,2000
grp-a001-01-000000072061472,방수시공,,,2000
grp-a001-01-000000072061472,방수공사전문,,,2000
grp-a001-01-000000072061472,방수전문업체,,,2000
grp-a001-01-000000072061472,건물방수공사,,,2000
grp-a001-01-000000072061472,건물방수시공,,,2000
grp-a001-01-000000072061472,건물방수전문,,,1200
grp-a001-01-000000072061472,빌딩방수,,,1200
grp-a001-01-000000072061472,빌딩방수공사,,,2000
grp-a001-01-000000072061472,빌딩방수업체,,,2000
grp-a001-01-000000072061472,건축물방수,,,1200
grp-a001-01-000000072061472,건축물방수공사,,,2000
grp-a001-01-000000072061472,건축물방수업체,,,2000
grp-a001-01-000000072061472,우레탄도막방수,,,2000
grp-a001-01-000000072061472,우레탄도막방수공사,,,2000
grp-a001-01-000000072061472,우레탄도막방수업체,,,2000
grp-a001-01-000000072061472,우레탄상도시공,,,1200
grp-a001-01-000000072061472,우레탄중도시공,,,1200
grp-a001-01-000000072061472,우레탄하도시공,,,1200
grp-a001-01-000000072061472,방수층보수,,,1500
grp-a001-01-000000072061472,방수층들뜸,,,1200
grp-a001-01-000000072061472,우레탄들뜸보수,,,1500
grp-a001-01-000000072061472,외벽코킹,,,1200
grp-a001-01-000000072061472,창틀코킹,,,1200
grp-a001-01-000000072061472,외벽실리콘작업,,,1200
grp-a001-01-000000072061472,덕양구방수공사,,,2000
grp-a001-01-000000072061472,행신동방수공사,,,2000
grp-a001-01-000000072061472,화정동방수공사,,,2000
grp-a001-01-000000072061472,방수전문,,,1200
grp-a001-01-000000072061472,방수시공업체,,,2000
grp-a001-01-000000072061472,방수리모델링,,,1200
grp-a001-01-000000072061472,방수누수전문업체,,,2000
grp-a001-01-000000072061472,파라펫방수,,,1200
grp-a001-01-000000072061472,실외기방수,,,1200
grp-a001-01-000000072061472,옥상난간방수,,,2000
grp-a001-01-000000072062646,옥상방수,,,2500
grp-a001-01-000000072062646,옥상방수업체,,,2500
grp-a001-01-000000072062646,옥상우레탄,,,1200
grp-a001-01-000000072062646,옥상우레탄시공,,,1200
grp-a001-01-000000072062646,옥상방수시공,,,2000
grp-a001-01-000000072062646,옥상방수전문,,,2000
grp-a001-01-000000072062646,옥상방수전문업체,,,2000
grp-a001-01-000000072062646,옥상도막방수,,,2000
grp-a001-01-000000072062646,옥상도막방수공사,,,2000
grp-a001-01-000000072062646,옥상도막방수업체,,,2000
grp-a001-01-000000072062646,옥상방수시공업체,,,2000
grp-a001-01-000000072062646,옥상방수추천업체,,,2000
grp-a001-01-000000072062646,옥상도막시공,,,1200
grp-a001-01-000000072062646,옥상방수보수,,,2000
grp-a001-01-000000072062646,옥상방수재시공업체,,,2000
grp-a001-01-000000072062646,옥상방수재시공,,,2000
grp-a001-01-000000072062646,공장옥상방수,,,2000
grp-a001-01-000000072062646,공장옥상방수공사,,,2000
grp-a001-01-000000072062646,공장옥상방수업체,,,2000
grp-a001-01-000000072062646,상가옥상방수,,,2000
grp-a001-01-000000072062646,상가옥상방수공사,,,2000
grp-a001-01-000000072062646,빌딩옥상방수,,,2000
grp-a001-01-000000072062646,빌딩옥상방수공사,,,2000
grp-a001-01-000000072062646,건물옥상방수,,,2000
grp-a001-01-000000072062646,건물옥상방수공사,,,2000
grp-a001-01-000000072062646,지붕방수,,,1200
grp-a001-01-000000072062646,지붕방수공사,,,2000
grp-a001-01-000000072062646,지붕방수업체,,,2000
grp-a001-01-000000072062646,베란다방수,,,1200
grp-a001-01-000000072062646,베란다방수공사,,,2000
grp-a001-01-000000072062646,발코니방수,,,1200
grp-a001-01-000000072062646,발코니방수공사,,,2000
grp-a001-01-000000072062646,옥상슬라브방수,,,2000
grp-a001-01-000000072062651,우레탄방수,,,2500
grp-a001-01-000000072062651,우레탄방수업체,,,2500
grp-a001-01-000000072062651,옥상우레탄방수,,,2000
grp-a001-01-000000072062651,우레탄방수공사,,,2500
grp-a001-01-000000072062651,우레탄방수시공,,,2000
grp-a001-01-000000072062651,우레탄방수전문,,,2000
grp-a001-01-000000072062651,옥상우레탄방수공사,,,2000
grp-a001-01-000000072062651,옥상우레탄방수업체,,,2000
grp-a001-01-000000072062651,우레탄방수재시공,,,2000
grp-a001-01-000000072062651,공장우레탄방수,,,2000
grp-a001-01-000000072062651,공장우레탄방수공사,,,2000
grp-a001-01-000000072062651,상가우레탄방수,,,2000
grp-a001-01-000000072062651,상가우레탄방수공사,,,2000
grp-a001-01-000000072062651,우레탄방수공법,,,2000
grp-a001-01-000000072062651,우레탄고무방수,,,2000
grp-a001-01-000000072062651,우레탄방수단가,,,2000
grp-a001-01-000000072062651,우레탄방수전문업체,,,2000
grp-a001-01-000000072062651,지하우레탄방수,,,2000
grp-a001-01-000000072062656,주차장방수,,,2500
grp-a001-01-000000072062656,에폭시시공,,,1200
grp-a001-01-000000072062656,에폭시바닥시공,,,1500
grp-a001-01-000000072062656,주차장에폭시,,,1200
grp-a001-01-000000072062656,주차장방수공사,,,2500
grp-a001-01-000000072062656,주차장방수업체,,,2000
grp-a001-01-000000072062656,주차장방수시공,,,2000
grp-a001-01-000000072062656,주차장바닥방수,,,2000
grp-a001-01-000000072062656,주차장바닥방수공사,,,2000
grp-a001-01-000000072062656,주차장우레탄,,,1200
grp-a001-01-000000072062656,주차장우레탄방수,,,2000
grp-a001-01-000000072062656,주차장우레탄방수공사,,,2000
grp-a001-01-000000072062656,주차장에폭시공사,,,1200
grp-a001-01-000000072062656,주차장바닥공사,,,1500
grp-a001-01-000000072062656,주차장바닥코팅,,,1500
grp-a001-01-000000072062656,주차장바닥보수,,,1500
grp-a001-01-000000072062656,지하주차장방수,,,2000
grp-a001-01-000000072062656,지하주차장방수공사,,,2000
grp-a001-01-000000072062656,지하주차장바닥공사,,,1500
grp-a001-01-000000072062656,지하주차장에폭시,,,1200
grp-a001-01-000000072062656,지하주차장에폭시공사,,,1200
grp-a001-01-000000072062656,지하주차장도장,,,1200
grp-a001-01-000000072062656,에폭시바닥공사,,,1500
grp-a001-01-000000072062656,에폭시바닥업체,,,1500
grp-a001-01-000000072062656,에폭시바닥공사업체,,,1500
grp-a001-01-000000072062656,공장바닥에폭시,,,1500
grp-a001-01-000000072062656,공장바닥에폭시공사,,,1500
grp-a001-01-000000072062656,주차장도장,,,1200
grp-a001-01-000000072062656,주차장바닥도장,,,1500
grp-a001-01-000000072062656,에폭시도장,,,1200
grp-a001-01-000000072062656,주차장도장공사,,,1200
grp-a001-01-000000072062656,주차장도장업체,,,1200
grp-a001-01-000000072062656,옥상에폭시,,,1200
grp-a001-01-000000072062656,에폭시몰탈시공,,,1200
grp-a001-01-000000072062656,지하주차장바닥보수,,,1500
grp-a001-01-000000072062658,외벽방수,,,2500
grp-a001-01-000000072062658,외벽방수공사,,,2500
grp-a001-01-000000072062658,외벽방수업체,,,2000
grp-a001-01-000000072062658,외벽방수시공,,,2000
grp-a001-01-000000072062658,외벽방수전문,,,2000
grp-a001-01-000000072062658,공장외벽방수,,,2000
grp-a001-01-000000072062658,공장외벽방수공사,,,2000
grp-a001-01-000000072062658,상가외벽방수,,,2000
grp-a001-01-000000072062658,상가외벽방수공사,,,2000
grp-a001-01-000000072062658,빌딩외벽방수,,,2000
grp-a001-01-000000072062658,건물외벽방수,,,2000
grp-a001-01-000000072062658,외벽방수코팅,,,2000
grp-a001-01-000000072062658,외벽방수페인트,,,900
grp-a001-01-000000072062658,아파트외벽방수,,,2000
grp-a001-01-000000072062658,빌라외벽방수,,,2000
grp-a001-01-000000072062658,노후외벽방수,,,2000
grp-a001-01-000000072062662,주차장누수,,,1500
grp-a001-01-000000072062662,주차장누수공사,,,1500
grp-a001-01-000000072062662,누수방수공사,,,2000
grp-a001-01-000000072062662,누수방수업체,,,2000
grp-a001-01-000000072062662,누수공사,,,1500
grp-a001-01-000000072062662,누수공사업체,,,1500
grp-a001-01-000000072062662,누수수리,,,1500
grp-a001-01-000000072062662,누수수리업체,,,1500
grp-a001-01-000000072062662,건물누수업체,,,1500
grp-a001-01-000000072062662,건물누수수리,,,1500
grp-a001-01-000000072062662,옥상누수업체,,,1500
grp-a001-01-000000072062662,옥상누수수리,,,1500
grp-a001-01-000000072062662,옥상물샘,,,1200
grp-a001-01-000000072062662,옥상물샘수리,,,1200
grp-a001-01-000000072062662,천장누수공사,,,1500
grp-a001-01-000000072062662,천장누수수리,,,1500
grp-a001-01-000000072062662,외벽누수업체,,,1500
grp-a001-01-000000072062662,벽누수,,,1500
grp-a001-01-000000072062662,벽누수공사,,,1500
grp-a001-01-000000072062662,빗물누수공사,,,1500
grp-a001-01-000000072062662,비올때누수,,,1500
grp-a001-01-000000072062662,비오면누수,,,1500
grp-a001-01-000000072062662,누수하자보수,,,1500
grp-a001-01-000000072062662,누수하자,,,1500
grp-a001-01-000000072062662,방수누수보수,,,1500
grp-a001-01-000000072062662,누수방지공사,,,1500
grp-a001-01-000000072062662,누수보수공사,,,1500
grp-a001-01-000000072062662,옥상누수,,,1500
grp-a001-01-000000072062662,외벽누수,,,1500
grp-a001-01-000000072062662,옥상누수공사,,,1500
grp-a001-01-000000072062662,건물누수공사,,,1500
grp-a001-01-000000072062662,외벽누수공사,,,1500
grp-a001-01-000000072062662,상가옥상누수,,,1500
grp-a001-01-000000072062662,공장옥상누수,,,1500
grp-a001-01-000000072062662,빌라옥상누수,,,1500
grp-a001-01-000000072062662,상가천장누수,,,1500
grp-a001-01-000000072062662,공장지붕누수,,,1500
grp-a001-01-000000072062662,빗물누수방수공사,,,2000
grp-a001-01-000000072062662,공장누수,,,1500
grp-a001-01-000000072062662,공장누수공사,,,1500
grp-a001-01-000000072062662,공장누수수리,,,1500
grp-a001-01-000000072062662,상가누수,,,1500
grp-a001-01-000000072062662,상가누수공사,,,1500
grp-a001-01-000000072062662,빌딩누수,,,1500
grp-a001-01-000000072062662,누수,,,1500
grp-a001-01-000000072062662,누수탐지,,,1500
grp-a001-01-000000072062662,누수전문업체,,,1500
grp-a001-01-000000072062662,누수원인찾기,,,1500
grp-a001-01-000000072062662,배관누수,,,1500
grp-a001-01-000000072062662,배관누수공사,,,1500
grp-a001-01-000000072062662,창틀누수,,,1500
grp-a001-01-000000072062666,주차장균열보수,,,1500
grp-a001-01-000000072062666,옥상균열보수,,,1500
grp-a001-01-000000072062666,외벽균열보수,,,1500
grp-a001-01-000000072062666,건물균열보수,,,1500
grp-a001-01-000000072062666,외벽크랙보수,,,1500
grp-a001-01-000000072062666,건물하자보수,,,1500
grp-a001-01-000000072062666,콘크리트균열보수,,,1500
grp-a001-01-000000072062666,외벽크랙방수,,,2000
grp-a001-01-000000072062666,건물하자보수업체,,,1500
grp-a001-01-000000072062666,건물하자,,,1500
grp-a001-01-000000072062666,방수하자,,,1500
grp-a001-01-000000072062666,방수하자보수,,,1500
grp-a001-01-000000072062666,옥상하자,,,1500
grp-a001-01-000000072062666,옥상하자보수,,,1500
grp-a001-01-000000072062666,외벽하자,,,1500
grp-a001-01-000000072062666,외벽하자보수,,,1500
grp-a001-01-000000072062666,건물균열,,,1500
grp-a001-01-000000072062666,건물균열보수공사,,,1500
grp-a001-01-000000072062666,건물균열보수업체,,,1500
grp-a001-01-000000072062666,외벽균열,,,1500
grp-a001-01-000000072062666,외벽균열보수공사,,,1500
grp-a001-01-000000072062666,외벽균열보수업체,,,1500
grp-a001-01-000000072062666,콘크리트균열보수공사,,,1500
grp-a001-01-000000072062666,콘크리트크랙,,,1500
grp-a001-01-000000072062666,콘크리트크랙보수,,,1500
grp-a001-01-000000072062666,외벽크랙보수공사,,,1500
grp-a001-01-000000072062666,건물크랙,,,1500
grp-a001-01-000000072062666,건물크랙보수,,,1500
grp-a001-01-000000072062666,건물크랙보수공사,,,1500
grp-a001-01-000000072062666,옥상균열,,,1500
grp-a001-01-000000072062666,옥상크랙,,,1500
grp-a001-01-000000072062666,옥상크랙보수,,,1500
grp-a001-01-000000072062666,균열보수공사,,,1500
grp-a001-01-000000072062666,크랙보수공사,,,1500
grp-a001-01-000000072062666,균열보수업체,,,1500
grp-a001-01-000000072062666,크랙보수업체,,,1500
grp-a001-01-000000072062666,실리콘균열보수,,,1500
grp-a001-01-000000072062666,에폭시균열보수,,,1500
grp-a001-01-000000072062666,콘크리트균열보수업체,,,1500
grp-a001-01-000000072062668,건물도장,,,1200
grp-a001-01-000000072062668,외벽도장,,,1200
grp-a001-01-000000072062668,상가도장,,,1500
grp-a001-01-000000072062668,공장도장,,,1500
grp-a001-01-000000072062668,페인트공사,,,1200
grp-a001-01-000000072062668,건물페인트,,,1200
grp-a001-01-000000072062668,상가외벽도장,,,1500
grp-a001-01-000000072062668,공장외벽도장,,,1500
grp-a001-01-000000072062668,빌라외벽도장,,,1200
grp-a001-01-000000072062668,아파트외벽도장,,,1200
grp-a001-01-000000072062668,공장바닥도장,,,1500
grp-a001-01-000000072062668,옥상페인트칠,,,1200
grp-a001-01-000000072062668,외벽페인트칠,,,1200
grp-a001-01-000000072062668,우레탄도장,,,1200
grp-a001-01-000000072062668,특수도장,,,1200
grp-a001-01-000000072062668,도장업체,,,1200
grp-a001-01-000000072062668,도장공사업체,,,1200
grp-a001-01-000000072062668,건물도장공사,,,1200
grp-a001-01-000000072062668,건물도장업체,,,1200
grp-a001-01-000000072062668,외벽도장업체,,,1200
grp-a001-01-000000072062668,외벽페인트공사,,,1200
grp-a001-01-000000072062668,외벽페인트업체,,,1200
grp-a001-01-000000072062668,건물페인트공사,,,1200
grp-a001-01-000000072062668,건물페인트업체,,,1200
grp-a001-01-000000072062668,건물페인트칠,,,1200
grp-a001-01-000000072062668,페인트공사업체,,,1200
grp-a001-01-000000072062668,상가도장공사,,,1500
grp-a001-01-000000072062668,상가도장업체,,,1500
grp-a001-01-000000072062668,공장도장공사,,,1500
grp-a001-01-000000072062668,공장도장업체,,,1500
grp-a001-01-000000072062668,공장페인트공사,,,1500
grp-a001-01-000000072062668,공장외벽페인트,,,1500
grp-a001-01-000000072062668,건물외벽페인트,,,1200
grp-a001-01-000000072062668,상가외벽페인트,,,1500
grp-a001-01-000000072062668,공장건물도장,,,1500
grp-a001-01-000000072062668,공장외벽도장공사,,,1500
grp-a001-01-000000072062668,상가건물도장,,,1500
grp-a001-01-000000072062668,빌딩외벽도장,,,1200
grp-a001-01-000000072062668,도장,,,1200
grp-a001-01-000000072062668,도장전문업체,,,1200
grp-a001-01-000000072062668,외벽도장비용,,,1200
grp-a001-01-000000072062668,외벽도장단가,,,1200
grp-a001-01-000000072062668,아파트외벽도장공사,,,1200
grp-a001-01-000000072062668,철제도장,,,1200
grp-a001-01-000000072062668,지붕도장,,,1200
grp-a001-01-000000072062670,상가방수,,,1500
grp-a001-01-000000072062670,공장방수,,,1500
grp-a001-01-000000072062670,공장방수공사,,,2000
grp-a001-01-000000072062670,공장방수업체,,,2000
grp-a001-01-000000072062670,공장바닥코팅,,,1500
grp-a001-01-000000072062670,공장지붕방수,,,1500
grp-a001-01-000000072062670,공장건물방수,,,1500
grp-a001-01-000000072062670,상가건물방수,,,1500
grp-a001-01-000000072062670,창고방수공사,,,2000
grp-a001-01-000000072062670,공장창고방수,,,1500
grp-a001-01-000000072062670,상가지하방수,,,1500
grp-a001-01-000000072062670,공장지하방수,,,1500
grp-a001-01-000000072062671,옥상방수견적,,,2000
grp-a001-01-000000072062671,옥상방수공사견적,,,2000
grp-a001-01-000000072062671,옥상방수가격,,,2000
grp-a001-01-000000072062671,옥상방수비용,,,2000
grp-a001-01-000000072062671,우레탄방수견적,,,2000
grp-a001-01-000000072062671,우레탄방수공사견적,,,2000
grp-a001-01-000000072062671,우레탄방수가격,,,2000
grp-a001-01-000000072062671,우레탄방수비용,,,2000
grp-a001-01-000000072062671,방수공사견적,,,2000
grp-a001-01-000000072062671,방수견적,,,2500
grp-a001-01-000000072062671,방수공사가격,,,2000
grp-a001-01-000000072062671,방수비용,,,2500
grp-a001-01-000000072062671,방수가격,,,1200
grp-a001-01-000000072062671,건물방수견적,,,1200
grp-a001-01-000000072062671,건물방수비용,,,1200
grp-a001-01-000000072062671,건물방수가격,,,1200
grp-a001-01-000000072062671,주차장방수견적,,,2000
grp-a001-01-000000072062671,주차장방수비용,,,2000
grp-a001-01-000000072062671,주차장방수가격,,,2000
grp-a001-01-000000072062671,외벽방수견적,,,2000
grp-a001-01-000000072062671,외벽방수비용,,,2000
grp-a001-01-000000072062671,외벽방수가격,,,2000
grp-a001-01-000000072062671,도장공사견적,,,1200
grp-a001-01-000000072062671,건물도장견적,,,1200
grp-a001-01-000000072062671,외벽도장견적,,,1200
grp-a001-01-000000072062671,공장도장견적,,,1500
grp-a001-01-000000072062671,상가도장견적,,,1500
grp-a001-01-000000072062671,하자보수견적,,,1500
grp-a001-01-000000072062671,건물하자보수견적,,,1500
grp-a001-01-000000072062671,누수공사비용,,,1500
grp-a001-01-000000072062671,누수수리비용,,,1500
grp-a001-01-000000072062671,옥상방수단가,,,2000
grp-a001-01-000000072062671,평당방수비용,,,1200
grp-a001-01-000000072062675,광명방수공사,,,2000
grp-a001-01-000000072062675,광명옥상방수,,,2000
grp-a001-01-000000072062675,광명우레탄방수,,,2000
grp-a001-01-000000072062675,광명상가방수,,,1500
grp-a001-01-000000072062675,광명건물방수,,,1200
grp-a001-01-000000072062675,광명주차장방수,,,2000
grp-a001-01-000000072062675,광명외벽방수,,,2000
grp-a001-01-000000072062675,광명방수업체,,,2000
grp-a001-01-000000072062675,광명빌라옥상방수,,,2000
grp-a001-01-000000072062675,광명상가옥상방수,,,2000
grp-a001-01-000000072062675,광명건물누수방수,,,1500
grp-a001-01-000000072062675,광명주차장에폭시,,,1200
grp-a001-01-000000072062675,광명철산동방수,,,1200
grp-a001-01-000000072062675,광명소하동방수,,,1200
grp-a001-01-000000072062675,광명옥상방수공사,,,2000
grp-a001-01-000000072062675,광명우레탄방수공사,,,2000
grp-a001-01-000000072062675,광명누수공사,,,1500
grp-a001-01-000000072062675,광명건물누수,,,1500
grp-a001-01-000000072062675,광명하자보수,,,1500
grp-a001-01-000000072062675,광명건물하자보수,,,1500
grp-a001-01-000000072062675,광명외벽균열보수,,,1500
grp-a001-01-000000072062675,광명도장공사,,,1200
grp-a001-01-000000072062675,광명건물도장,,,1200
grp-a001-01-000000072062675,광명외벽도장,,,1200
grp-a001-01-000000072062675,광명외벽페인트,,,1200
grp-a001-01-000000072062675,광명공장방수,,,1500
grp-a001-01-000000072062675,광명공장도장,,,1500
grp-a001-01-000000072062675,광명상가도장,,,1500
grp-a001-01-000000072062675,광명방수견적,,,1200
grp-a001-01-000000072062675,광명옥상방수견적,,,2000
grp-a001-01-000000072062675,광명우레탄방수견적,,,2000
grp-a001-01-000000072062675,광명방수공사비용,,,2000
grp-a001-01-000000072062675,광명방수공사견적,,,2000
grp-a001-01-000000072062681,안산옥상누수,,,1500
grp-a001-01-000000072062681,시흥옥상누수,,,1500
grp-a001-01-000000072062681,안산외벽균열보수,,,1500
grp-a001-01-000000072062681,시흥건물크랙보수,,,1500
grp-a001-01-000000072062681,안산건물도장,,,1200
grp-a001-01-000000072062681,시흥공장도장,,,1500
grp-a001-01-000000072062681,안산방수공사,,,2000
grp-a001-01-000000072062681,안산옥상방수,,,2000
grp-a001-01-000000072062681,안산우레탄방수,,,2000
grp-a001-01-000000072062681,안산공장방수,,,1500
grp-a001-01-000000072062681,안산상가방수,,,1500
grp-a001-01-000000072062681,안산건물방수,,,1200
grp-a001-01-000000072062681,안산주차장방수,,,2000
grp-a001-01-000000072062681,안산외벽방수,,,2000
grp-a001-01-000000072062681,안산누수방수,,,1500
grp-a001-01-000000072062681,안산방수업체,,,2000
grp-a001-01-000000072062681,안산에폭시시공,,,1200
grp-a001-01-000000072062681,안산주차장에폭시,,,1200
grp-a001-01-000000072062681,안산외벽도장,,,1200
grp-a001-01-000000072062681,안산하자보수,,,1500
grp-a001-01-000000072062681,시흥방수공사,,,2000
grp-a001-01-000000072062681,시흥옥상방수,,,2000
grp-a001-01-000000072062681,시흥우레탄방수,,,2000
grp-a001-01-000000072062681,시흥공장방수,,,1500
grp-a001-01-000000072062681,시흥상가방수,,,1500
grp-a001-01-000000072062681,시흥건물방수,,,1200
grp-a001-01-000000072062681,시흥주차장방수,,,2000
grp-a001-01-000000072062681,시흥외벽방수,,,2000
grp-a001-01-000000072062681,시흥방수업체,,,2000
grp-a001-01-000000072062681,시흥에폭시시공,,,1200
grp-a001-01-000000072062681,시흥공장지붕방수,,,1500
grp-a001-01-000000072062681,안산빌라옥상방수,,,2000
grp-a001-01-000000072062681,안산상가옥상방수,,,2000
grp-a001-01-000000072062681,안산아파트옥상방수,,,2000
grp-a001-01-000000072062681,안산공장지붕방수,,,1500
grp-a001-01-000000072062681,안산공장바닥에폭시,,,1500
grp-a001-01-000000072062681,안산상가누수방수,,,1500
grp-a001-01-000000072062681,안산건물누수방수,,,1500
grp-a001-01-000000072062681,안산외벽크랙보수,,,1500
grp-a001-01-000000072062681,시흥빌라옥상방수,,,2000
grp-a001-01-000000072062681,시흥상가옥상방수,,,2000
grp-a001-01-000000072062681,시흥아파트옥상방수,,,2000
grp-a001-01-000000072062681,시흥공장바닥방수,,,1500
grp-a001-01-000000072062681,시흥공장바닥에폭시,,,1500
grp-a001-01-000000072062681,시흥상가누수방수,,,1500
grp-a001-01-000000072062681,시흥외벽크랙보수,,,1500
grp-a001-01-000000072062681,안산단원구방수,,,1200
grp-a001-01-000000072062681,안산상록구방수,,,1200
grp-a001-01-000000072062681,시흥정왕동방수,,,1200
grp-a001-01-000000072062681,시흥배곧방수,,,1200
grp-a001-01-000000072062681,시흥옥상방수공사,,,2000
grp-a001-01-000000072062681,시흥우레탄방수공사,,,2000
grp-a001-01-000000072062681,시흥누수공사,,,1500
grp-a001-01-000000072062681,시흥건물누수,,,1500
grp-a001-01-000000072062681,시흥하자보수,,,1500
grp-a001-01-000000072062681,시흥건물하자보수,,,1500
grp-a001-01-000000072062681,시흥외벽균열보수,,,1500
grp-a001-01-000000072062681,시흥도장공사,,,1200
grp-a001-01-000000072062681,시흥건물도장,,,1200
grp-a001-01-000000072062681,시흥외벽도장,,,1200
grp-a001-01-000000072062681,시흥외벽페인트,,,1200
grp-a001-01-000000072062681,시흥상가도장,,,1500
grp-a001-01-000000072062681,시흥방수견적,,,1200
grp-a001-01-000000072062681,안산옥상방수공사,,,2000
grp-a001-01-000000072062681,안산우레탄방수공사,,,2000
grp-a001-01-000000072062681,안산누수공사,,,1500
grp-a001-01-000000072062681,안산건물누수,,,1500
grp-a001-01-000000072062681,안산건물하자보수,,,1500
grp-a001-01-000000072062681,안산도장공사,,,1200
grp-a001-01-000000072062681,안산외벽페인트,,,1200
grp-a001-01-000000072062681,안산공장도장,,,1500
grp-a001-01-000000072062681,안산상가도장,,,1500
grp-a001-01-000000072062681,안산방수견적,,,1200
grp-a001-01-000000072062681,안산옥상방수견적,,,2000
grp-a001-01-000000072062681,안산우레탄방수견적,,,2000
grp-a001-01-000000072062681,안산공장바닥방수,,,1500
grp-a001-01-000000072062681,안산정왕동방수,,,1200
grp-a001-01-000000072062681,안산건물크랙보수,,,1500
grp-a001-01-000000072062681,안산방수공사견적,,,2000
grp-a001-01-000000072062681,안산배곧방수,,,1200
grp-a001-01-000000072062681,안산방수공사비용,,,2000
grp-a001-01-000000072062681,시흥옥상방수견적,,,2000
grp-a001-01-000000072062681,시흥우레탄방수견적,,,2000
grp-a001-01-000000072062681,시흥방수공사견적,,,2000
grp-a001-01-000000072062681,시흥누수방수,,,1500
grp-a001-01-000000072062681,시흥상록구방수,,,1200
grp-a001-01-000000072062681,시흥건물누수방수,,,1500
grp-a001-01-000000072062681,시흥주차장에폭시,,,1200
grp-a001-01-000000072062681,시흥방수공사비용,,,2000
grp-a001-01-000000072062681,시흥단원구방수,,,1200
grp-a001-01-000000072062686,일산옥상누수,,,1500
grp-a001-01-000000072062686,일산건물도장,,,1200
grp-a001-01-000000072062686,일산방수공사,,,2000
grp-a001-01-000000072062686,일산옥상방수,,,2000
grp-a001-01-000000072062686,일산우레탄방수,,,2000
grp-a001-01-000000072062686,일산공장방수,,,1500
grp-a001-01-000000072062686,일산상가방수,,,1500
grp-a001-01-000000072062686,일산건물방수,,,1200
grp-a001-01-000000072062686,일산주차장방수,,,2000
grp-a001-01-000000072062686,일산외벽방수,,,2000
grp-a001-01-000000072062686,일산방수업체,,,2000
grp-a001-01-000000072062686,일산에폭시시공,,,1200
grp-a001-01-000000072062686,고양시방수공사,,,2000
grp-a001-01-000000072062686,고양시옥상방수,,,2000
grp-a001-01-000000072062686,고양시우레탄방수,,,2000
grp-a001-01-000000072062686,고양시건물방수,,,1200
grp-a001-01-000000072062686,고양시주차장방수,,,2000
grp-a001-01-000000072062686,고양시방수업체,,,2000
grp-a001-01-000000072062686,김포방수공사,,,2000
grp-a001-01-000000072062686,김포옥상방수,,,2000
grp-a001-01-000000072062686,김포우레탄방수,,,2000
grp-a001-01-000000072062686,김포공장방수,,,1500
grp-a001-01-000000072062686,김포상가방수,,,1500
grp-a001-01-000000072062686,김포건물방수,,,1200
grp-a001-01-000000072062686,김포주차장방수,,,2000
grp-a001-01-000000072062686,김포방수업체,,,2000
grp-a001-01-000000072062686,일산빌라옥상방수,,,2000
grp-a001-01-000000072062686,일산상가옥상방수,,,2000
grp-a001-01-000000072062686,일산아파트옥상방수,,,2000
grp-a001-01-000000072062686,일산공장바닥에폭시,,,1500
grp-a001-01-000000072062686,일산상가누수방수,,,1500
grp-a001-01-000000072062686,일산외벽크랙보수,,,1500
grp-a001-01-000000072062686,고양시빌라옥상방수,,,2000
grp-a001-01-000000072062686,고양시상가옥상방수,,,2000
grp-a001-01-000000072062686,고양시공장방수,,,2000
grp-a001-01-000000072062686,고양시외벽균열보수,,,1500
grp-a001-01-000000072062686,김포빌라옥상방수,,,2000
grp-a001-01-000000072062686,김포상가옥상방수,,,2000
grp-a001-01-000000072062686,김포공장지붕방수,,,1500
grp-a001-01-000000072062686,김포공장바닥에폭시,,,1500
grp-a001-01-000000072062686,일산동구방수,,,1200
grp-a001-01-000000072062686,일산서구방수,,,1200
grp-a001-01-000000072062686,김포한강신도시방수,,,1200
grp-a001-01-000000072062686,김포옥상방수공사,,,2000
grp-a001-01-000000072062686,김포우레탄방수공사,,,2000
grp-a001-01-000000072062686,김포외벽방수,,,2000
grp-a001-01-000000072062686,김포누수공사,,,1500
grp-a001-01-000000072062686,김포건물누수,,,1500
grp-a001-01-000000072062686,김포하자보수,,,1500
grp-a001-01-000000072062686,김포건물하자보수,,,1500
grp-a001-01-000000072062686,김포외벽균열보수,,,1500
grp-a001-01-000000072062686,김포도장공사,,,1200
grp-a001-01-000000072062686,김포건물도장,,,1200
grp-a001-01-000000072062686,김포외벽도장,,,1200
grp-a001-01-000000072062686,김포외벽페인트,,,1200
grp-a001-01-000000072062686,김포공장도장,,,1500
grp-a001-01-000000072062686,김포상가도장,,,1500
grp-a001-01-000000072062686,김포방수견적,,,1200
grp-a001-01-000000072062686,일산옥상방수공사,,,2000
grp-a001-01-000000072062686,일산우레탄방수공사,,,2000
grp-a001-01-000000072062686,일산누수공사,,,1500
grp-a001-01-000000072062686,일산건물누수,,,1500
grp-a001-01-000000072062686,일산하자보수,,,1500
grp-a001-01-000000072062686,일산건물하자보수,,,1500
grp-a001-01-000000072062686,일산외벽균열보수,,,1500
grp-a001-01-000000072062686,일산도장공사,,,1200
grp-a001-01-000000072062686,일산외벽도장,,,1200
grp-a001-01-000000072062686,일산외벽페인트,,,1200
grp-a001-01-000000072062686,일산공장도장,,,1500
grp-a001-01-000000072062686,일산상가도장,,,1500
grp-a001-01-000000072062686,일산방수견적,,,1200
grp-a001-01-000000072062686,고양방수공사,,,2000
grp-a001-01-000000072062686,고양옥상방수,,,2000
grp-a001-01-000000072062686,고양옥상방수공사,,,2000
grp-a001-01-000000072062686,고양우레탄방수,,,2000
grp-a001-01-000000072062686,고양우레탄방수공사,,,2000
grp-a001-01-000000072062686,고양건물방수,,,1200
grp-a001-01-000000072062686,고양외벽방수,,,2000
grp-a001-01-000000072062686,고양주차장방수,,,2000
grp-a001-01-000000072062686,고양누수공사,,,1500
grp-a001-01-000000072062686,고양건물누수,,,1500
grp-a001-01-000000072062686,고양하자보수,,,1500
grp-a001-01-000000072062686,고양건물하자보수,,,1500
grp-a001-01-000000072062686,고양외벽균열보수,,,1500
grp-a001-01-000000072062686,고양도장공사,,,1200
grp-a001-01-000000072062686,고양건물도장,,,1200
grp-a001-01-000000072062686,고양외벽도장,,,1200
grp-a001-01-000000072062686,고양외벽페인트,,,1200
grp-a001-01-000000072062686,고양공장방수,,,1500
grp-a001-01-000000072062686,고양공장도장,,,1500
grp-a001-01-000000072062686,고양상가방수,,,1500
grp-a001-01-000000072062686,고양상가도장,,,1500
grp-a001-01-000000072062686,고양방수업체,,,2000
grp-a001-01-000000072062686,고양방수견적,,,1200
grp-a001-01-000000072062686,고양시옥상방수공사,,,2000
grp-a001-01-000000072062686,고양시우레탄방수공사,,,2000
grp-a001-01-000000072062686,고양시외벽방수,,,2000
grp-a001-01-000000072062686,고양시누수공사,,,1500
grp-a001-01-000000072062686,고양시건물누수,,,1500
grp-a001-01-000000072062686,고양시하자보수,,,1500
grp-a001-01-000000072062686,고양시건물하자보수,,,1500
grp-a001-01-000000072062686,고양시도장공사,,,1200
grp-a001-01-000000072062686,고양시건물도장,,,1200
grp-a001-01-000000072062686,고양시외벽도장,,,1200
grp-a001-01-000000072062686,고양시외벽페인트,,,1200
grp-a001-01-000000072062686,고양시공장도장,,,1500
grp-a001-01-000000072062686,고양시상가방수,,,1500
grp-a001-01-000000072062686,고양시상가도장,,,1500
grp-a001-01-000000072062686,고양시방수견적,,,1200
grp-a001-01-000000072062686,일산옥상방수견적,,,2000
grp-a001-01-000000072062686,일산우레탄방수견적,,,2000
grp-a001-01-000000072062686,일산한강신도시방수,,,1200
grp-a001-01-000000072062686,일산방수공사견적,,,2000
grp-a001-01-000000072062686,일산공장지붕방수,,,1500
grp-a001-01-000000072062686,일산방수공사비용,,,2000
grp-a001-01-000000072062686,고양시옥상방수견적,,,2000
grp-a001-01-000000072062686,고양시우레탄방수견적,,,2000
grp-a001-01-000000072062686,고양시서구방수,,,1200
grp-a001-01-000000072062686,고양시옥상누수,,,1500
grp-a001-01-000000072062686,고양시한강신도시방수,,,1200
grp-a001-01-000000072062686,고양시동구방수,,,1200
grp-a001-01-000000072062686,고양시방수공사견적,,,2000
grp-a001-01-000000072062686,고양시상가누수방수,,,1500
grp-a001-01-000000072062686,고양시공장바닥에폭시,,,1500
grp-a001-01-000000072062686,고양시에폭시시공,,,1200
grp-a001-01-000000072062686,고양시아파트옥상방수,,,2000
grp-a001-01-000000072062686,고양시외벽크랙보수,,,1500
grp-a001-01-000000072062686,고양시공장지붕방수,,,2000
grp-a001-01-000000072062686,고양시방수공사비용,,,2000
grp-a001-01-000000072062686,김포옥상방수견적,,,2000
grp-a001-01-000000072062686,김포우레탄방수견적,,,2000
grp-a001-01-000000072062686,김포서구방수,,,1200
grp-a001-01-000000072062686,김포옥상누수,,,1500
grp-a001-01-000000072062686,김포동구방수,,,1200
grp-a001-01-000000072062686,김포방수공사견적,,,2000
grp-a001-01-000000072062686,김포에폭시시공,,,1200
grp-a001-01-000000072062686,김포아파트옥상방수,,,2000
grp-a001-01-000000072062686,김포외벽크랙보수,,,1500
grp-a001-01-000000072062686,김포상가누수방수,,,1500
grp-a001-01-000000072062686,김포방수공사비용,,,2000
grp-a001-01-000000072062689,의왕방수공사,,,2000
grp-a001-01-000000072062689,의왕옥상방수,,,2000
grp-a001-01-000000072062689,의왕우레탄방수,,,2000
grp-a001-01-000000072062689,의왕건물방수,,,1200
grp-a001-01-000000072062689,의왕외벽방수,,,2000
grp-a001-01-000000072062689,의왕방수업체,,,2000
grp-a001-01-000000072062689,의왕상가옥상방수,,,2000
grp-a001-01-000000072062689,의왕빌라옥상방수,,,2000
grp-a001-01-000000072062689,의왕옥상방수공사,,,2000
grp-a001-01-000000072062689,의왕우레탄방수공사,,,2000
grp-a001-01-000000072062689,의왕주차장방수,,,2000
grp-a001-01-000000072062689,의왕누수공사,,,1500
grp-a001-01-000000072062689,의왕건물누수,,,1500
grp-a001-01-000000072062689,의왕하자보수,,,1500
grp-a001-01-000000072062689,의왕건물하자보수,,,1500
grp-a001-01-000000072062689,의왕외벽균열보수,,,1500
grp-a001-01-000000072062689,의왕도장공사,,,1200
grp-a001-01-000000072062689,의왕건물도장,,,1200
grp-a001-01-000000072062689,의왕외벽도장,,,1200
grp-a001-01-000000072062689,의왕외벽페인트,,,1200
grp-a001-01-000000072062689,의왕공장방수,,,1500
grp-a001-01-000000072062689,의왕공장도장,,,1500
grp-a001-01-000000072062689,의왕상가방수,,,1500
grp-a001-01-000000072062689,의왕상가도장,,,1500
grp-a001-01-000000072062689,의왕방수견적,,,1200
grp-a001-01-000000072062689,안양방수공사,,,2000
grp-a001-01-000000072062689,안양옥상방수,,,2000
grp-a001-01-000000072062689,안양옥상방수공사,,,2000
grp-a001-01-000000072062689,안양우레탄방수,,,2000
grp-a001-01-000000072062689,안양우레탄방수공사,,,2000
grp-a001-01-000000072062689,안양건물방수,,,1200
grp-a001-01-000000072062689,안양외벽방수,,,2000
grp-a001-01-000000072062689,안양주차장방수,,,2000
grp-a001-01-000000072062689,안양누수공사,,,1500
grp-a001-01-000000072062689,안양건물누수,,,1500
grp-a001-01-000000072062689,안양하자보수,,,1500
grp-a001-01-000000072062689,안양건물하자보수,,,1500
grp-a001-01-000000072062689,안양외벽균열보수,,,1500
grp-a001-01-000000072062689,안양도장공사,,,1200
grp-a001-01-000000072062689,안양건물도장,,,1200
grp-a001-01-000000072062689,안양외벽도장,,,1200
grp-a001-01-000000072062689,안양외벽페인트,,,1200
grp-a001-01-000000072062689,안양공장방수,,,1500
grp-a001-01-000000072062689,안양공장도장,,,1500
grp-a001-01-000000072062689,안양상가방수,,,1500
grp-a001-01-000000072062689,안양상가도장,,,1500
grp-a001-01-000000072062689,안양방수업체,,,2000
grp-a001-01-000000072062689,안양방수견적,,,1200
grp-a001-01-000000072062689,군포옥상방수,,,2000
grp-a001-01-000000072062689,군포옥상방수공사,,,2000
grp-a001-01-000000072062689,군포우레탄방수,,,2000
grp-a001-01-000000072062689,군포우레탄방수공사,,,2000
grp-a001-01-000000072062689,군포건물방수,,,1200
grp-a001-01-000000072062689,군포외벽방수,,,2000
grp-a001-01-000000072062689,군포주차장방수,,,2000
grp-a001-01-000000072062689,군포누수공사,,,1500
grp-a001-01-000000072062689,군포건물누수,,,1500
grp-a001-01-000000072062689,군포하자보수,,,1500
grp-a001-01-000000072062689,군포건물하자보수,,,1500
grp-a001-01-000000072062689,군포외벽균열보수,,,1500
grp-a001-01-000000072062689,군포도장공사,,,1200
grp-a001-01-000000072062689,군포건물도장,,,1200
grp-a001-01-000000072062689,군포외벽도장,,,1200
grp-a001-01-000000072062689,군포외벽페인트,,,1200
grp-a001-01-000000072062689,군포공장방수,,,1500
grp-a001-01-000000072062689,군포공장도장,,,1500
grp-a001-01-000000072062689,군포상가방수,,,1500
grp-a001-01-000000072062689,군포상가도장,,,1500
grp-a001-01-000000072062689,군포방수업체,,,2000
grp-a001-01-000000072062689,군포방수견적,,,1200
grp-a001-01-000000072062689,의왕옥상방수견적,,,2000
grp-a001-01-000000072062689,의왕우레탄방수견적,,,2000
grp-a001-01-000000072062689,의왕방수공사비용,,,2000
grp-a001-01-000000072062689,의왕방수공사견적,,,2000
grp-a001-01-000000072062689,군포옥상방수견적,,,2000
grp-a001-01-000000072062689,군포우레탄방수견적,,,2000
grp-a001-01-000000072062689,군포상가옥상방수,,,2000
grp-a001-01-000000072062689,군포빌라옥상방수,,,2000
grp-a001-01-000000072062689,군포방수공사견적,,,2000
grp-a001-01-000000072062689,군포방수공사비용,,,2000
grp-a001-01-000000072062689,안양옥상방수견적,,,2000
grp-a001-01-000000072062689,안양우레탄방수견적,,,2000
grp-a001-01-000000072062689,안양상가옥상방수,,,2000
grp-a001-01-000000072062689,안양빌라옥상방수,,,2000
grp-a001-01-000000072062689,안양방수공사견적,,,2000
grp-a001-01-000000072062689,안양방수공사비용,,,2000
grp-a001-01-000000072062690,부천옥상방수공사,,,2000
grp-a001-01-000000072062690,부천우레탄방수,,,2000
grp-a001-01-000000072062690,부천우레탄방수공사,,,2000
grp-a001-01-000000072062690,부천건물방수,,,1200
grp-a001-01-000000072062690,부천외벽방수,,,2000
grp-a001-01-000000072062690,부천주차장방수,,,2000
grp-a001-01-000000072062690,부천누수공사,,,1500
grp-a001-01-000000072062690,부천건물누수,,,1500
grp-a001-01-000000072062690,부천하자보수,,,1500
grp-a001-01-000000072062690,부천건물하자보수,,,1500
grp-a001-01-000000072062690,부천외벽균열보수,,,1500
grp-a001-01-000000072062690,부천도장공사,,,1200
grp-a001-01-000000072062690,부천건물도장,,,1200
grp-a001-01-000000072062690,부천외벽도장,,,1200
grp-a001-01-000000072062690,부천외벽페인트,,,1200
grp-a001-01-000000072062690,부천공장방수,,,1500
grp-a001-01-000000072062690,부천공장도장,,,1500
grp-a001-01-000000072062690,부천상가방수,,,1500
grp-a001-01-000000072062690,부천상가도장,,,1500
grp-a001-01-000000072062690,부천방수업체,,,2000
grp-a001-01-000000072062690,부천방수견적,,,1200
grp-a001-01-000000072062690,부천옥상방수견적,,,2000
grp-a001-01-000000072062690,부천우레탄방수견적,,,2000
grp-a001-01-000000072062690,부천방수공사비용,,,2000
grp-a001-01-000000072062690,부천방수공사견적,,,2000
grp-a001-01-000000072062692,누수원인,,,1500
grp-a001-01-000000072062692,옥상누수원인,,,1500
grp-a001-01-000000072062692,건물누수원인,,,1500
grp-a001-01-000000072062692,수원방수공사,,,2000
grp-a001-01-000000072062692,수원옥상방수,,,2000
grp-a001-01-000000072062692,수원옥상방수공사,,,2000
grp-a001-01-000000072062692,수원우레탄방수,,,2000
grp-a001-01-000000072062692,수원우레탄방수공사,,,2000
grp-a001-01-000000072062692,수원건물방수,,,1200
grp-a001-01-000000072062692,수원외벽방수,,,2000
grp-a001-01-000000072062692,수원주차장방수,,,2000
grp-a001-01-000000072062692,수원누수공사,,,1500
grp-a001-01-000000072062692,수원건물누수,,,1500
grp-a001-01-000000072062692,수원하자보수,,,1500
grp-a001-01-000000072062692,수원건물하자보수,,,1500
grp-a001-01-000000072062692,수원외벽균열보수,,,1500
grp-a001-01-000000072062692,수원도장공사,,,1200
grp-a001-01-000000072062692,수원건물도장,,,1200
grp-a001-01-000000072062692,수원외벽도장,,,1200
grp-a001-01-000000072062692,수원외벽페인트,,,1200
grp-a001-01-000000072062692,수원공장방수,,,1500
grp-a001-01-000000072062692,수원공장도장,,,1500
grp-a001-01-000000072062692,수원상가방수,,,1500
grp-a001-01-000000072062692,수원상가도장,,,1500
grp-a001-01-000000072062692,수원방수업체,,,2000
grp-a001-01-000000072062692,수원방수견적,,,1200
grp-a001-01-000000072062692,화성방수공사,,,2000
grp-a001-01-000000072062692,화성옥상방수,,,2000
grp-a001-01-000000072062692,화성옥상방수공사,,,2000
grp-a001-01-000000072062692,화성우레탄방수,,,2000
grp-a001-01-000000072062692,화성우레탄방수공사,,,2000
grp-a001-01-000000072062692,화성건물방수,,,1200
grp-a001-01-000000072062692,화성외벽방수,,,2000
grp-a001-01-000000072062692,화성주차장방수,,,2000
grp-a001-01-000000072062692,화성누수공사,,,1500
grp-a001-01-000000072062692,화성건물누수,,,1500
grp-a001-01-000000072062692,화성하자보수,,,1500
grp-a001-01-000000072062692,화성건물하자보수,,,1500
grp-a001-01-000000072062692,화성외벽균열보수,,,1500
grp-a001-01-000000072062692,화성도장공사,,,1200
grp-a001-01-000000072062692,화성건물도장,,,1200
grp-a001-01-000000072062692,화성외벽도장,,,1200
grp-a001-01-000000072062692,화성외벽페인트,,,1200
grp-a001-01-000000072062692,화성공장방수,,,1500
grp-a001-01-000000072062692,화성공장도장,,,1500
grp-a001-01-000000072062692,화성상가방수,,,1500
grp-a001-01-000000072062692,화성상가도장,,,1500
grp-a001-01-000000072062692,화성방수업체,,,2000
grp-a001-01-000000072062692,화성방수견적,,,1200
grp-a001-01-000000072062692,평택방수공사,,,2000
grp-a001-01-000000072062692,평택옥상방수,,,2000
grp-a001-01-000000072062692,평택옥상방수공사,,,2000
grp-a001-01-000000072062692,평택우레탄방수,,,2000
grp-a001-01-000000072062692,평택우레탄방수공사,,,2000
grp-a001-01-000000072062692,평택건물방수,,,1200
grp-a001-01-000000072062692,평택외벽방수,,,2000
grp-a001-01-000000072062692,평택주차장방수,,,2000
grp-a001-01-000000072062692,평택누수공사,,,1500
grp-a001-01-000000072062692,평택건물누수,,,1500
grp-a001-01-000000072062692,평택하자보수,,,1500
grp-a001-01-000000072062692,평택건물하자보수,,,1500
grp-a001-01-000000072062692,평택외벽균열보수,,,1500
grp-a001-01-000000072062692,평택도장공사,,,1200
grp-a001-01-000000072062692,평택건물도장,,,1200
grp-a001-01-000000072062692,평택외벽도장,,,1200
grp-a001-01-000000072062692,평택외벽페인트,,,1200
grp-a001-01-000000072062692,평택공장방수,,,1500
grp-a001-01-000000072062692,평택공장도장,,,1500
grp-a001-01-000000072062692,평택상가방수,,,1500
grp-a001-01-000000072062692,평택상가도장,,,1500
grp-a001-01-000000072062692,평택방수업체,,,2000
grp-a001-01-000000072062692,평택방수견적,,,1200
grp-a001-01-000000072062692,수원옥상방수견적,,,2000
grp-a001-01-000000072062692,수원우레탄방수견적,,,2000
grp-a001-01-000000072062692,수원방수공사비용,,,2000
grp-a001-01-000000072062692,수원방수공사견적,,,2000
grp-a001-01-000000072062692,화성옥상방수견적,,,2000
grp-a001-01-000000072062692,화성우레탄방수견적,,,2000
grp-a001-01-000000072062692,화성방수공사비용,,,2000
grp-a001-01-000000072062692,화성방수공사견적,,,2000
grp-a001-01-000000072062692,평택옥상방수견적,,,2000
grp-a001-01-000000072062692,평택우레탄방수견적,,,2000
grp-a001-01-000000072062692,평택방수공사비용,,,2000
grp-a001-01-000000072062692,평택방수공사견적,,,2000
grp-a001-01-000000072062693,용인옥상방수,,,2000
grp-a001-01-000000072062693,용인옥상방수공사,,,2000
grp-a001-01-000000072062693,용인우레탄방수,,,2000
grp-a001-01-000000072062693,용인우레탄방수공사,,,2000
grp-a001-01-000000072062693,용인건물방수,,,1200
grp-a001-01-000000072062693,용인외벽방수,,,2000
grp-a001-01-000000072062693,용인주차장방수,,,2000
grp-a001-01-000000072062693,용인누수공사,,,1500
grp-a001-01-000000072062693,용인건물누수,,,1500
grp-a001-01-000000072062693,용인하자보수,,,1500
grp-a001-01-000000072062693,용인건물하자보수,,,1500
grp-a001-01-000000072062693,용인외벽균열보수,,,1500
grp-a001-01-000000072062693,용인도장공사,,,1200
grp-a001-01-000000072062693,용인건물도장,,,1200
grp-a001-01-000000072062693,용인외벽도장,,,1200
grp-a001-01-000000072062693,용인외벽페인트,,,1200
grp-a001-01-000000072062693,용인공장방수,,,1500
grp-a001-01-000000072062693,용인공장도장,,,1500
grp-a001-01-000000072062693,용인상가방수,,,1500
grp-a001-01-000000072062693,용인상가도장,,,1500
grp-a001-01-000000072062693,용인방수업체,,,2000
grp-a001-01-000000072062693,용인방수견적,,,1200
grp-a001-01-000000072062693,성남방수공사,,,2000
grp-a001-01-000000072062693,성남옥상방수,,,2000
grp-a001-01-000000072062693,성남옥상방수공사,,,2000
grp-a001-01-000000072062693,성남우레탄방수,,,2000
grp-a001-01-000000072062693,성남우레탄방수공사,,,2000
grp-a001-01-000000072062693,성남건물방수,,,1200
grp-a001-01-000000072062693,성남외벽방수,,,2000
grp-a001-01-000000072062693,성남주차장방수,,,2000
grp-a001-01-000000072062693,성남누수공사,,,1500
grp-a001-01-000000072062693,성남건물누수,,,1500
grp-a001-01-000000072062693,성남하자보수,,,1500
grp-a001-01-000000072062693,성남건물하자보수,,,1500
grp-a001-01-000000072062693,성남외벽균열보수,,,1500
grp-a001-01-000000072062693,성남도장공사,,,1200
grp-a001-01-000000072062693,성남건물도장,,,1200
grp-a001-01-000000072062693,성남외벽도장,,,1200
grp-a001-01-000000072062693,성남외벽페인트,,,1200
grp-a001-01-000000072062693,성남공장방수,,,1500
grp-a001-01-000000072062693,성남공장도장,,,1500
grp-a001-01-000000072062693,성남상가방수,,,1500
grp-a001-01-000000072062693,성남상가도장,,,1500
grp-a001-01-000000072062693,성남방수업체,,,2000
grp-a001-01-000000072062693,성남방수견적,,,1200
grp-a001-01-000000072062693,오산방수공사,,,2000
grp-a001-01-000000072062693,오산옥상방수,,,2000
grp-a001-01-000000072062693,오산옥상방수공사,,,2000
grp-a001-01-000000072062693,오산우레탄방수,,,2000
grp-a001-01-000000072062693,오산우레탄방수공사,,,2000
grp-a001-01-000000072062693,오산건물방수,,,1200
grp-a001-01-000000072062693,오산외벽방수,,,2000
grp-a001-01-000000072062693,오산주차장방수,,,2000
grp-a001-01-000000072062693,오산누수공사,,,1500
grp-a001-01-000000072062693,오산건물누수,,,1500
grp-a001-01-000000072062693,오산하자보수,,,1500
grp-a001-01-000000072062693,오산건물하자보수,,,1500
grp-a001-01-000000072062693,오산외벽균열보수,,,1500
grp-a001-01-000000072062693,오산도장공사,,,1200
grp-a001-01-000000072062693,오산건물도장,,,1200
grp-a001-01-000000072062693,오산외벽도장,,,1200
grp-a001-01-000000072062693,오산외벽페인트,,,1200
grp-a001-01-000000072062693,오산공장방수,,,1500
grp-a001-01-000000072062693,오산공장도장,,,1500
grp-a001-01-000000072062693,오산상가방수,,,1500
grp-a001-01-000000072062693,오산상가도장,,,1500
grp-a001-01-000000072062693,오산방수업체,,,2000
grp-a001-01-000000072062693,오산방수견적,,,1200
grp-a001-01-000000072062693,용인옥상방수견적,,,2000
grp-a001-01-000000072062693,용인우레탄방수견적,,,2000
grp-a001-01-000000072062693,용인방수공사비용,,,2000
grp-a001-01-000000072062693,용인방수공사견적,,,2000
grp-a001-01-000000072062693,성남옥상방수견적,,,2000
grp-a001-01-000000072062693,성남우레탄방수견적,,,2000
grp-a001-01-000000072062693,성남방수공사비용,,,2000
grp-a001-01-000000072062693,성남방수공사견적,,,2000
grp-a001-01-000000072062693,오산옥상방수견적,,,2000
grp-a001-01-000000072062693,오산우레탄방수견적,,,2000
grp-a001-01-000000072062693,오산방수공사비용,,,2000
grp-a001-01-000000072062693,오산방수공사견적,,,2000
grp-a001-01-000000072062697,파주방수공사,,,2000
grp-a001-01-000000072062697,파주옥상방수,,,2000
grp-a001-01-000000072062697,파주우레탄방수,,,2000
grp-a001-01-000000072062697,파주공장방수,,,1500
grp-a001-01-000000072062697,파주건물방수,,,1200
grp-a001-01-000000072062697,파주방수업체,,,2000
grp-a001-01-000000072062697,파주공장지붕방수,,,1500
grp-a001-01-000000072062697,파주공장바닥에폭시,,,1500
grp-a001-01-000000072062697,파주옥상방수공사,,,2000
grp-a001-01-000000072062697,파주우레탄방수공사,,,2000
grp-a001-01-000000072062697,파주외벽방수,,,2000
grp-a001-01-000000072062697,파주주차장방수,,,2000
grp-a001-01-000000072062697,파주누수공사,,,1500
grp-a001-01-000000072062697,파주하자보수,,,1500
grp-a001-01-000000072062697,파주건물하자보수,,,1500
grp-a001-01-000000072062697,파주외벽균열보수,,,1500
grp-a001-01-000000072062697,파주도장공사,,,1200
grp-a001-01-000000072062697,파주건물도장,,,1200
grp-a001-01-000000072062697,파주외벽도장,,,1200
grp-a001-01-000000072062697,파주외벽페인트,,,1200
grp-a001-01-000000072062697,파주공장도장,,,1500
grp-a001-01-000000072062697,파주상가방수,,,1500
grp-a001-01-000000072062697,파주상가도장,,,1500
grp-a001-01-000000072062697,파주방수견적,,,1200
grp-a001-01-000000072062697,파주옥상방수견적,,,2000
grp-a001-01-000000072062697,파주우레탄방수견적,,,2000
grp-a001-01-000000072062697,파주방수공사견적,,,2000
grp-a001-01-000000072062700,인천외벽도장,,,1200
grp-a001-01-000000072062700,인천외벽페인트칠,,,1200
grp-a001-01-000000072062700,인천방수공사,,,2000
grp-a001-01-000000072062700,인천옥상방수,,,2000
grp-a001-01-000000072062700,인천우레탄방수,,,2000
grp-a001-01-000000072062700,인천공장방수,,,1500
grp-a001-01-000000072062700,인천상가방수,,,1500
grp-a001-01-000000072062700,인천건물방수,,,1200
grp-a001-01-000000072062700,인천주차장방수,,,2000
grp-a001-01-000000072062700,인천외벽방수,,,2000
grp-a001-01-000000072062700,인천누수방수,,,1500
grp-a001-01-000000072062700,인천방수업체,,,2000
grp-a001-01-000000072062700,인천에폭시시공,,,1200
grp-a001-01-000000072062700,인천주차장에폭시,,,1200
grp-a001-01-000000072062700,인천남동구방수,,,1200
grp-a001-01-000000072062700,인천서구방수,,,1200
grp-a001-01-000000072062700,인천부평구방수,,,1200
grp-a001-01-000000072062700,인천계양구방수,,,1200
grp-a001-01-000000072062700,인천미추홀구방수,,,1200
grp-a001-01-000000072062700,인천빌라옥상방수,,,2000
grp-a001-01-000000072062700,인천상가옥상방수,,,2000
grp-a001-01-000000072062700,인천아파트옥상방수,,,2000
grp-a001-01-000000072062700,인천공장지붕방수,,,1500
grp-a001-01-000000072062700,인천공장바닥에폭시,,,1500
grp-a001-01-000000072062700,인천남동공단방수,,,1200
grp-a001-01-000000072062700,인천주안방수공사,,,2000
grp-a001-01-000000072062700,인천송도방수공사,,,2000
grp-a001-01-000000072062700,인천청라방수공사,,,2000
grp-a001-01-000000072062700,인천검단방수공사,,,2000
grp-a001-01-000000072062700,인천옥상방수공사,,,2000
grp-a001-01-000000072062700,부평구방수공사,,,2000
grp-a001-01-000000072062700,계양구방수공사,,,2000
grp-a001-01-000000072062700,서구방수공사,,,2000
grp-a001-01-000000072062700,남동구방수공사,,,2000
grp-a001-01-000000072062700,연수구방수공사,,,2000
grp-a001-01-000000072062700,미추홀구방수공사,,,2000
grp-a001-01-000000072062700,중구방수공사,,,2000
grp-a001-01-000000072062700,동구방수공사,,,2000
grp-a001-01-000000072062700,인천우레탄방수공사,,,2000
grp-a001-01-000000072062700,부평구옥상방수,,,2000
grp-a001-01-000000072062700,계양구옥상방수,,,2000
grp-a001-01-000000072062700,서구옥상방수,,,2000
grp-a001-01-000000072062700,남동구옥상방수,,,2000
grp-a001-01-000000072062700,연수구옥상방수,,,2000
grp-a001-01-000000072062700,미추홀구옥상방수,,,2000
grp-a001-01-000000072062700,중구옥상방수,,,2000
grp-a001-01-000000072062700,동구옥상방수,,,2000
grp-a001-01-000000072062700,인천누수공사,,,1500
grp-a001-01-000000072062700,부평구옥상방수공사,,,2000
grp-a001-01-000000072062700,계양구옥상방수공사,,,2000
grp-a001-01-000000072062700,서구옥상방수공사,,,2000
grp-a001-01-000000072062700,남동구옥상방수공사,,,2000
grp-a001-01-000000072062700,연수구옥상방수공사,,,2000
grp-a001-01-000000072062700,미추홀구옥상방수공사,,,2000
grp-a001-01-000000072062700,중구옥상방수공사,,,2000
grp-a001-01-000000072062700,동구옥상방수공사,,,2000
grp-a001-01-000000072062700,인천건물누수,,,1500
grp-a001-01-000000072062700,부평구우레탄방수,,,2000
grp-a001-01-000000072062700,계양구우레탄방수,,,2000
grp-a001-01-000000072062700,서구우레탄방수,,,2000
grp-a001-01-000000072062700,남동구우레탄방수,,,2000
grp-a001-01-000000072062700,연수구우레탄방수,,,2000
grp-a001-01-000000072062700,미추홀구우레탄방수,,,2000
grp-a001-01-000000072062700,중구우레탄방수,,,2000
grp-a001-01-000000072062700,동구우레탄방수,,,2000
grp-a001-01-000000072062700,인천하자보수,,,1500
grp-a001-01-000000072062700,부평구우레탄방수공사,,,2000
grp-a001-01-000000072062700,계양구우레탄방수공사,,,2000
grp-a001-01-000000072062700,서구우레탄방수공사,,,2000
grp-a001-01-000000072062700,남동구우레탄방수공사,,,2000
grp-a001-01-000000072062700,연수구우레탄방수공사,,,2000
grp-a001-01-000000072062700,미추홀구우레탄방수공사,,,2000
grp-a001-01-000000072062700,중구우레탄방수공사,,,2000
grp-a001-01-000000072062700,동구우레탄방수공사,,,2000
grp-a001-01-000000072062700,인천건물하자보수,,,1500
grp-a001-01-000000072062700,부평구건물방수,,,1200
grp-a001-01-000000072062700,계양구건물방수,,,1200
grp-a001-01-000000072062700,서구건물방수,,,1200
grp-a001-01-000000072062700,남동구건물방수,,,1200
grp-a001-01-000000072062700,연수구건물방수,,,1200
grp-a001-01-000000072062700,미추홀구건물방수,,,1200
grp-a001-01-000000072062700,중구건물방수,,,1200
grp-a001-01-000000072062700,동구건물방수,,,1200
grp-a001-01-000000072062700,인천외벽균열보수,,,1500
grp-a001-01-000000072062700,부평구외벽방수,,,2000
grp-a001-01-000000072062700,계양구외벽방수,,,2000
grp-a001-01-000000072062700,서구외벽방수,,,2000
grp-a001-01-000000072062700,남동구외벽방수,,,2000
grp-a001-01-000000072062700,연수구외벽방수,,,2000
grp-a001-01-000000072062700,미추홀구외벽방수,,,2000
grp-a001-01-000000072062700,중구외벽방수,,,2000
grp-a001-01-000000072062700,동구외벽방수,,,2000
grp-a001-01-000000072062700,인천도장공사,,,1200
grp-a001-01-000000072062700,부평구주차장방수,,,2000
grp-a001-01-000000072062700,계양구주차장방수,,,2000
grp-a001-01-000000072062700,서구주차장방수,,,2000
grp-a001-01-000000072062700,남동구주차장방수,,,2000
grp-a001-01-000000072062700,연수구주차장방수,,,2000
grp-a001-01-000000072062700,미추홀구주차장방수,,,2000
grp-a001-01-000000072062700,중구주차장방수,,,2000
grp-a001-01-000000072062700,동구주차장방수,,,2000
grp-a001-01-000000072062700,인천건물도장,,,1200
grp-a001-01-000000072062700,부평구누수공사,,,1500
grp-a001-01-000000072062700,계양구누수공사,,,1500
grp-a001-01-000000072062700,서구누수공사,,,1500
grp-a001-01-000000072062700,남동구누수공사,,,1500
grp-a001-01-000000072062700,연수구누수공사,,,1500
grp-a001-01-000000072062700,미추홀구누수공사,,,1500
grp-a001-01-000000072062700,중구누수공사,,,1500
grp-a001-01-000000072062700,동구누수공사,,,1500
grp-a001-01-000000072062700,인천외벽페인트,,,1200
grp-a001-01-000000072062700,부평구건물누수,,,1500
grp-a001-01-000000072062700,계양구건물누수,,,1500
grp-a001-01-000000072062700,서구건물누수,,,1500
grp-a001-01-000000072062700,남동구건물누수,,,1500
grp-a001-01-000000072062700,연수구건물누수,,,1500
grp-a001-01-000000072062700,미추홀구건물누수,,,1500
grp-a001-01-000000072062700,중구건물누수,,,1500
grp-a001-01-000000072062700,동구건물누수,,,1500
grp-a001-01-000000072062700,인천공장도장,,,1500
grp-a001-01-000000072062700,부평구하자보수,,,1500
grp-a001-01-000000072062700,계양구하자보수,,,1500
grp-a001-01-000000072062700,서구하자보수,,,1500
grp-a001-01-000000072062700,남동구하자보수,,,1500
grp-a001-01-000000072062700,연수구하자보수,,,1500
grp-a001-01-000000072062700,미추홀구하자보수,,,1500
grp-a001-01-000000072062700,중구하자보수,,,1500
grp-a001-01-000000072062700,동구하자보수,,,1500
grp-a001-01-000000072062700,인천상가도장,,,1500
grp-a001-01-000000072062700,강서구방수공사,,,2000
grp-a001-01-000000072062700,강서구옥상방수,,,2000
grp-a001-01-000000072062700,강서구옥상방수공사,,,2000
grp-a001-01-000000072062700,강서구우레탄방수,,,2000
grp-a001-01-000000072062700,강서구우레탄방수공사,,,2000
grp-a001-01-000000072062700,강서구건물방수,,,1200
grp-a001-01-000000072062700,강서구외벽방수,,,2000
grp-a001-01-000000072062700,강서구주차장방수,,,2000
grp-a001-01-000000072062700,강서구누수공사,,,1500
grp-a001-01-000000072062700,강서구건물누수,,,1500
grp-a001-01-000000072062700,강서구하자보수,,,1500
grp-a001-01-000000072062700,인천방수견적,,,1200
grp-a001-01-000000072062700,인천방수공사비용,,,2000
grp-a001-01-000000072062700,인천누수탐지,,,1500
grp-a001-01-000000072062700,인천누수탐지업체,,,1500
grp-a001-01-000000072062700,인천도장견적,,,1200
grp-a001-01-000000072062700,인천옹진군방수공사,,,2000
grp-a001-01-000000072062702,서울방수공사,,,2000
grp-a001-01-000000072062702,양천구방수공사,,,2000
grp-a001-01-000000072062702,구로구방수공사,,,2000
grp-a001-01-000000072062702,금천구방수공사,,,2000
grp-a001-01-000000072062702,마포구방수공사,,,2000
grp-a001-01-000000072062702,동작구방수공사,,,2000
grp-a001-01-000000072062702,관악구방수공사,,,2000
grp-a001-01-000000072062702,양천구옥상방수,,,2000
grp-a001-01-000000072062702,구로구옥상방수,,,2000
grp-a001-01-000000072062702,금천구옥상방수,,,2000
grp-a001-01-000000072062702,영등포구옥상방수,,,2000
grp-a001-01-000000072062702,마포구옥상방수,,,2000
grp-a001-01-000000072062702,관악구옥상방수,,,2000
grp-a001-01-000000072062702,서울옥상방수공사,,,2000
grp-a001-01-000000072062702,양천구옥상방수공사,,,2000
grp-a001-01-000000072062702,구로구옥상방수공사,,,2000
grp-a001-01-000000072062702,금천구옥상방수공사,,,2000
grp-a001-01-000000072062702,영등포구옥상방수공사,,,2000
grp-a001-01-000000072062702,마포구옥상방수공사,,,2000
grp-a001-01-000000072062702,동작구옥상방수공사,,,2000
grp-a001-01-000000072062702,서울우레탄방수,,,2000
grp-a001-01-000000072062702,양천구우레탄방수,,,2000
grp-a001-01-000000072062702,구로구우레탄방수,,,2000
grp-a001-01-000000072062702,금천구우레탄방수,,,2000
grp-a001-01-000000072062702,영등포구우레탄방수,,,2000
grp-a001-01-000000072062702,마포구우레탄방수,,,2000
grp-a001-01-000000072062702,동작구우레탄방수,,,2000
grp-a001-01-000000072062702,관악구우레탄방수,,,2000
grp-a001-01-000000072062702,서울우레탄방수공사,,,2000
grp-a001-01-000000072062702,양천구우레탄방수공사,,,2000
grp-a001-01-000000072062702,구로구우레탄방수공사,,,2000
grp-a001-01-000000072062702,금천구우레탄방수공사,,,2000
grp-a001-01-000000072062702,영등포구우레탄방수공사,,,2000
grp-a001-01-000000072062702,동작구우레탄방수공사,,,2000
grp-a001-01-000000072062702,관악구우레탄방수공사,,,2000
grp-a001-01-000000072062702,서울건물방수,,,1200
grp-a001-01-000000072062702,양천구건물방수,,,1200
grp-a001-01-000000072062702,구로구건물방수,,,1200
grp-a001-01-000000072062702,영등포구건물방수,,,1200
grp-a001-01-000000072062702,마포구건물방수,,,1200
grp-a001-01-000000072062702,관악구건물방수,,,1200
grp-a001-01-000000072062702,서울외벽방수,,,2000
grp-a001-01-000000072062702,양천구외벽방수,,,2000
grp-a001-01-000000072062702,구로구외벽방수,,,2000
grp-a001-01-000000072062702,금천구외벽방수,,,2000
grp-a001-01-000000072062702,영등포구외벽방수,,,2000
grp-a001-01-000000072062702,마포구외벽방수,,,2000
grp-a001-01-000000072062702,동작구외벽방수,,,2000
grp-a001-01-000000072062702,관악구외벽방수,,,2000
grp-a001-01-000000072062702,서울주차장방수,,,2000
grp-a001-01-000000072062702,양천구주차장방수,,,2000
grp-a001-01-000000072062702,구로구주차장방수,,,2000
grp-a001-01-000000072062702,금천구주차장방수,,,2000
grp-a001-01-000000072062702,영등포구주차장방수,,,2000
grp-a001-01-000000072062702,마포구주차장방수,,,2000
grp-a001-01-000000072062702,동작구주차장방수,,,2000
grp-a001-01-000000072062702,관악구주차장방수,,,2000
grp-a001-01-000000072062702,서울누수공사,,,1500
grp-a001-01-000000072062702,양천구누수공사,,,1500
grp-a001-01-000000072062702,구로구누수공사,,,1500
grp-a001-01-000000072062702,영등포구누수공사,,,1500
grp-a001-01-000000072062702,관악구누수공사,,,1500
grp-a001-01-000000072062702,서울건물누수,,,1500
grp-a001-01-000000072062702,양천구건물누수,,,1500
grp-a001-01-000000072062702,금천구건물누수,,,1500
grp-a001-01-000000072062702,마포구건물누수,,,1500
grp-a001-01-000000072062702,동작구건물누수,,,1500
grp-a001-01-000000072062702,관악구건물누수,,,1500
grp-a001-01-000000072062702,서울하자보수,,,1500
grp-a001-01-000000072062702,양천구하자보수,,,1500
grp-a001-01-000000072062702,구로구하자보수,,,1500
grp-a001-01-000000072062702,금천구하자보수,,,1500
grp-a001-01-000000072062702,영등포구하자보수,,,1500
grp-a001-01-000000072062702,마포구하자보수,,,1500
grp-a001-01-000000072062702,동작구하자보수,,,1500
grp-a001-01-000000072062702,관악구하자보수,,,1500
grp-a001-01-000000072062702,서울방수견적,,,1200
grp-a001-01-000000072062702,서울방수공사비용,,,2000
grp-a001-01-000000072062702,서울누수탐지,,,1200
grp-a001-01-000000072062702,서울누수탐지업체,,,1500
grp-a001-01-000000072062702,양천구누수탐지,,,1200
grp-a001-01-000000072062702,구로구누수탐지,,,1200
grp-a001-01-000000072062702,영등포구방수견적,,,1200
grp-a001-01-000000072062656,장충동주차장에폭시,,,1500
grp-a001-01-000000072062656,중구주차장에폭시,,,1500
grp-a001-01-000000072062656,중구주차장바닥공사,,,1500
grp-a001-01-000000072062668,오피스텔외벽도색,,,1200
grp-a001-01-000000072062668,오피스텔외벽도장,,,1200
grp-a001-01-000000072062686,삼송오피스텔도색,,,1200
grp-a001-01-000000072062686,고양오피스텔외벽도장,,,1200
